month;Wiki Views DE;Devices DE_Desktop;Devices DE_Mobile;Edits DE;Active Editors DE;Edited Pages DE;New Users DE;Total Pages DE
2016-01-01T00:00:00.000Z;1348922409.0;41922581.0;49564257.0;1140020.0;8177.0;433611.0;12756.0;3981736.0
2016-02-01T00:00:00.000Z;1204338063.0;42578782.0;45938135.0;1019117.0;7692.0;368883.0;11351.0;4031738.0
2016-03-01T00:00:00.000Z;1219587401.0;41859708.0;45721612.0;946620.0;7467.0;315904.0;10461.0;4053193.0
2016-04-01T00:00:00.000Z;1177747252.0;39607062.0;44434137.0;851602.0;7103.0;278814.0;9120.0;4072418.0
2016-05-01T00:00:00.000Z;1148854347.0;39247298.0;45886372.0;833520.0;6973.0;268673.0;8316.0;4092495.0
2016-06-01T00:00:00.000Z;1152350599.0;39276652.0;45684514.0;825424.0;6719.0;275154.0;7795.0;4110770.0
2016-07-01T00:00:00.000Z;1112834024.0;34708624.0;43723064.0;795469.0;6584.0;283096.0;6869.0;4129160.0
2016-08-01T00:00:00.000Z;1094763358.0;34441002.0;43237164.0;841806.0;6779.0;306864.0;7315.0;4147177.0
2016-09-01T00:00:00.000Z;1083591539.0;37801270.0;44042631.0;762069.0;6582.0;254459.0;7927.0;4165047.0
2016-10-01T00:00:00.000Z;1184452296.0;39305563.0;46515323.0;837522.0;6714.0;291462.0;8719.0;4185200.0
2016-11-01T00:00:00.000Z;1189754310.0;41287851.0;41708854.0;900517.0;6591.0;330901.0;9207.0;4206508.0
2016-12-01T00:00:00.000Z;1159446053.0;38381221.0;40635503.0;825711.0;6576.0;292166.0;8109.0;4226815.0
2017-01-01T00:00:00.000Z;1353848487.0;38688790.0;41074224.0;962376.0;7398.0;318197.0;10469.0;4249002.0
2017-02-01T00:00:00.000Z;1182769881.0;37695651.0;41632953.0;823241.0;6888.0;267068.0;8812.0;4270122.0
2017-03-01T00:00:00.000Z;1241127916.0;39585478.0;45692064.0;899381.0;7118.0;294854.0;9849.0;4292769.0
2017-04-01T00:00:00.000Z;1094640899.0;36892328.0;45773601.0;842607.0;6673.0;293671.0;8743.0;4313450.0
2017-05-01T00:00:00.000Z;1144323431.0;37708774.0;46903593.0;833062.0;6751.0;284176.0;8657.0;4333923.0
2017-06-01T00:00:00.000Z;1035022419.0;45188906.0;53085963.0;814407.0;6508.0;286499.0;7598.0;4353323.0
2017-07-01T00:00:00.000Z;1022086139.0;43592863.0;53646482.0;816166.0;6672.0;288564.0;7826.0;4374104.0
2017-08-01T00:00:00.000Z;1016484293.0;45675044.0;53968500.0;822384.0;6607.0;285791.0;7741.0;4392911.0
2017-09-01T00:00:00.000Z;1006251376.0;43965690.0;54271889.0;819554.0;6458.0;289779.0;7923.0;4411820.0
2017-10-01T00:00:00.000Z;1076485389.0;46566642.0;56922991.0;860685.0;6746.0;308047.0;9892.0;4431700.0
2017-11-01T00:00:00.000Z;1063160000.0;48033933.0;56203710.0;924288.0;6682.0;346548.0;10320.0;4451858.0
2017-12-01T00:00:00.000Z;1049394376.0;45437937.0;57364223.0;824105.0;6274.0;299827.0;8791.0;4470741.0
2018-01-01T00:00:00.000Z;1166226353.0;47823440.0;60257003.0;982871.0;6960.0;360278.0;10328.0;4492807.0
2018-02-01T00:00:00.000Z;1035955200.0;43493440.0;55107099.0;870107.0;6422.0;332151.0;8637.0;4511138.0
2018-03-01T00:00:00.000Z;1121576949.0;45756905.0;58621675.0;982036.0;6786.0;384158.0;9366.0;4531881.0
2018-04-01T00:00:00.000Z;1008146417.0;42383296.0;56810133.0;978280.0;6183.0;427094.0;8853.0;4550576.0
2018-05-01T00:00:00.000Z;1057526575.0;46594555.0;60483515.0;828439.0;6245.0;307350.0;11149.0;4570597.0
2018-06-01T00:00:00.000Z;1015156095.0;42770309.0;59415924.0;772055.0;6013.0;295507.0;8461.0;4587654.0
2018-07-01T00:00:00.000Z;1042637652.0;40564572.0;58844151.0;787934.0;6267.0;284909.0;8748.0;4605770.0
2018-08-01T00:00:00.000Z;1040184702.0;39576390.0;59457912.0;842897.0;6292.0;312886.0;8436.0;4624967.0
2018-09-01T00:00:00.000Z;989160046.0;40726658.0;60004886.0;800076.0;6168.0;299544.0;9322.0;4647550.0
2018-10-01T00:00:00.000Z;1083325465.0;44321769.0;61183023.0;872111.0;6536.0;323920.0;10843.0;4666912.0
2018-11-01T00:00:00.000Z;1105631825.0;46084858.0;61723439.0;827131.0;6438.0;292791.0;10883.0;4688718.0
2018-12-01T00:00:00.000Z;1112110903.0;44124041.0;65785121.0;905342.0;6215.0;358444.0;9159.0;4734876.0
2019-01-01T00:00:00.000Z;1271637354.0;46715101.0;66834287.0;933894.0;7042.0;313282.0;11834.0;4759834.0
2019-02-01T00:00:00.000Z;1055144682.0;44178330.0;61113141.0;800623.0;6470.0;278340.0;9736.0;4780440.0
2019-03-01T00:00:00.000Z;1140397575.0;46811148.0;67569485.0;917152.0;6581.0;333817.0;10828.0;4801717.0
2019-04-01T00:00:00.000Z;1063777384.0;41576306.0;63639589.0;855552.0;6315.0;318619.0;8740.0;4821217.0
2019-05-01T00:00:00.000Z;1122558014.0;44487562.0;65795725.0;955685.0;6489.0;375760.0;9198.0;4842730.0
2019-06-01T00:00:00.000Z;1000588871.0;39380031.0;62688775.0;783944.0;6168.0;281979.0;8476.0;4865047.0
2019-07-01T00:00:00.000Z;1074397364.0;39196680.0;63097616.0;828218.0;6357.0;299176.0;8434.0;4888816.0
2019-08-01T00:00:00.000Z;1067655399.0;37261865.0;66893471.0;843107.0;6400.0;303595.0;8293.0;4911524.0
2019-09-01T00:00:00.000Z;1030450970.0;38657349.0;69956667.0;824499.0;6049.0;306600.0;8542.0;4934187.0
2019-10-01T00:00:00.000Z;1098563288.0;42948748.0;71593910.0;816016.0;6399.0;271030.0;9185.0;4957731.0
2019-11-01T00:00:00.000Z;1093311328.0;43489356.0;66086823.0;812257.0;6343.0;279252.0;9790.0;4982012.0
2019-12-01T00:00:00.000Z;1111933553.0;41892912.0;65911178.0;779367.0;6090.0;271187.0;8451.0;5008927.0
2020-01-01T00:00:00.000Z;1238790419.0;44192328.0;66795964.0;888398.0;6735.0;306515.0;10358.0;5037479.0
2020-02-01T00:00:00.000Z;1065319385.0;42403701.0;62260108.0;868626.0;6467.0;298969.0;8831.0;5065101.0
2020-03-01T00:00:00.000Z;1130202962.0;45821716.0;64946968.0;988358.0;6376.0;299624.0;9227.0;5092923.0
2020-04-01T00:00:00.000Z;1208842876.0;45292985.0;65002643.0;969286.0;6789.0;319974.0;9703.0;5120532.0
2020-05-01T00:00:00.000Z;1248175741.0;45780538.0;67298898.0;930325.0;6740.0;317398.0;9478.0;5146182.0
2020-06-01T00:00:00.000Z;1080045720.0;41613427.0;64229892.0;852999.0;6467.0;295831.0;8806.0;5170800.0
2020-07-01T00:00:00.000Z;1180018227.0;38211097.0;63078293.0;843096.0;6323.0;290094.0;8813.0;5199841.0
2020-08-01T00:00:00.000Z;1128829442.0;36931432.0;64663860.0;832493.0;6185.0;283519.0;7207.0;5222693.0
2020-09-01T00:00:00.000Z;1023570665.0;39140262.0;63429847.0;779040.0;6092.0;264211.0;7899.0;5242891.0
2020-10-01T00:00:00.000Z;1084426625.0;42200374.0;64905885.0;841900.0;6389.0;294252.0;8261.0;5263765.0
2020-11-01T00:00:00.000Z;1139024832.0;44983159.0;65377628.0;896345.0;6327.0;321521.0;8672.0;5285415.0
2020-12-01T00:00:00.000Z;1149194453.0;43654610.0;66874351.0;923811.0;6555.0;348867.0;8698.0;5308135.0
2021-01-01T00:00:00.000Z;1303769890.0;48605162.0;72102731.0;1052860.0;7656.0;380705.0;12225.0;5334737.0
2021-02-01T00:00:00.000Z;1137786226.0;46434640.0;64220779.0;921024.0;6900.0;338703.0;9305.0;5356516.0
2021-03-01T00:00:00.000Z;1216327743.0;46968777.0;66482248.0;996738.0;7237.0;354414.0;9755.0;5381896.0
2021-04-01T00:00:00.000Z;1206347214.0;44723188.0;65275232.0;936752.0;6787.0;333902.0;8289.0;5406251.0
2021-05-01T00:00:00.000Z;1204508809.0;44336283.0;66067741.0;953671.0;6701.0;340882.0;7560.0;5428695.0
2021-06-01T00:00:00.000Z;1046929112.0;39305184.0;61260053.0;776326.0;6090.0;264827.0;6613.0;5447467.0
2021-07-01T00:00:00.000Z;1029694717.0;36564290.0;60427036.0;850262.0;5976.0;333660.0;5849.0;5466305.0
2021-08-01T00:00:00.000Z;1046535795.0;36101031.0;60811881.0;769179.0;6076.0;260513.0;6021.0;5484691.0
2021-09-01T00:00:00.000Z;996134749.0;35914763.0;60327278.0;734018.0;5868.0;264202.0;6621.0;5503150.0
2021-10-01T00:00:00.000Z;1068121026.0;38022360.0;61541137.0;766216.0;6044.0;264879.0;6356.0;5524424.0
2021-11-01T00:00:00.000Z;1050913768.0;39323982.0;59694423.0;805033.0;6122.0;284597.0;7172.0;5546170.0
2021-12-01T00:00:00.000Z;1113037393.0;39265407.0;62883605.0;810195.0;6129.0;282530.0;6825.0;5568046.0
2022-01-01T00:00:00.000Z;1249910936.0;41849415.0;65886653.0;935436.0;6871.0;322061.0;8117.0;5593924.0
2022-02-01T00:00:00.000Z;1103146777.0;39916730.0;60730717.0;836880.0;6186.0;291586.0;6982.0;5614757.0
2022-03-01T00:00:00.000Z;1124066971.0;40647239.0;61242843.0;868658.0;6043.0;329848.0;6999.0;5635086.0
2022-04-01T00:00:00.000Z;1031848397.0;36497860.0;59356414.0;752641.0;5971.0;267614.0;6630.0;5653723.0
2022-05-01T00:00:00.000Z;1027137223.0;36470229.0;59444023.0;741367.0;6069.0;259777.0;6761.0;5671410.0
2022-06-01T00:00:00.000Z;991623233.0;34156746.0;58071500.0;729467.0;5890.0;264244.0;5722.0;5689012.0
2022-07-01T00:00:00.000Z;999957014.0;32161429.0;58372022.0;745171.0;5809.0;265980.0;5461.0;5707596.0
2022-08-01T00:00:00.000Z;1039286534.0;33419802.0;59800318.0;750150.0;5797.0;272631.0;5394.0;5725650.0
2022-09-01T00:00:00.000Z;1047252504.0;34061699.0;59965216.0;764283.0;5688.0;287309.0;5808.0;5743495.0
2022-10-01T00:00:00.000Z;1112474516.0;35852962.0;63691575.0;816684.0;5890.0;300681.0;6724.0;5762982.0
2022-11-01T00:00:00.000Z;1076312574.0;36916457.0;62061817.0;843221.0;5994.0;299233.0;6913.0;5783399.0
2022-12-01T00:00:00.000Z;1076134373.0;35338984.0;62261708.0;831594.0;6002.0;309138.0;6220.0;5803592.0
2023-01-01T00:00:00.000Z;1172752345.0;39538798.0;65092855.0;929347.0;6581.0;334617.0;7779.0;5825785.0
2023-02-01T00:00:00.000Z;1008121796.0;36971488.0;58891789.0;810333.0;5985.0;291649.0;6684.0;5846512.0
2023-03-01T00:00:00.000Z;1130556117.0;40090349.0;62862334.0;895792.0;6298.0;329823.0;7795.0;5868506.0
2023-04-01T00:00:00.000Z;1058416300.0;36132255.0;61639664.0;854400.0;6014.0;334714.0;6526.0;5887855.0
2023-05-01T00:00:00.000Z;1065602480.0;36506067.0;63726015.0;798393.0;6034.0;294025.0;6526.0;5906601.0
2023-06-01T00:00:00.000Z;1019080224.0;34168446.0;68117713.0;770348.0;5708.0;279953.0;5801.0;5923235.0
2023-07-01T00:00:00.000Z;1096200614.0;33383991.0;66159396.0;808870.0;5926.0;300894.0;5558.0;5941491.0
2023-08-01T00:00:00.000Z;1072558100.0;33211315.0;68458725.0;822857.0;6085.0;292312.0;5919.0;5960541.0
2023-09-01T00:00:00.000Z;992596368.0;33258374.0;62601093.0;731923.0;5731.0;260815.0;5786.0;5976760.0
2023-10-01T00:00:00.000Z;1104086001.0;35315963.0;66153471.0;808435.0;6018.0;291951.0;6227.0;5995894.0
2023-11-01T00:00:00.000Z;1078845169.0;35665357.0;62568975.0;829947.0;6101.0;306641.0;8065.0;6014634.0
2023-12-01T00:00:00.000Z;1155406164.0;34426836.0;66134901.0;983254.0;5965.0;445758.0;5802.0;6032620.0
2024-01-01T00:00:00.000Z;1335740029.0;37366825.0;70189218.0;921386.0;6539.0;328619.0;6835.0;6053905.0
2024-02-01T00:00:00.000Z;1116155910.0;36119795.0;62894022.0;827005.0;6078.0;287395.0;5817.0;6072683.0
2024-03-01T00:00:00.000Z;1142964188.0;36045722.0;68117290.0;823695.0;6133.0;289524.0;5981.0;6092028.0
2024-04-01T00:00:00.000Z;1077280119.0;34427209.0;68639206.0;815033.0;6006.0;301733.0;6057.0;6110707.0
2001-03-01T00:00:00.000Z;;;;2.0;;1.0;;1.0
2001-04-01T00:00:00.000Z;;;;6.0;;5.0;;6.0
2001-05-01T00:00:00.000Z;;;;22.0;1.0;15.0;;21.0
2001-06-01T00:00:00.000Z;;;;279.0;2.0;189.0;1.0;209.0
2001-07-01T00:00:00.000Z;;;;323.0;5.0;231.0;3.0;429.0
2001-08-01T00:00:00.000Z;;;;138.0;5.0;103.0;2.0;512.0
2001-09-01T00:00:00.000Z;;;;401.0;8.0;290.0;2.0;781.0
2001-10-01T00:00:00.000Z;;;;323.0;9.0;192.0;2.0;931.0
2001-11-01T00:00:00.000Z;;;;388.0;11.0;199.0;5.0;1092.0
2001-12-01T00:00:00.000Z;;;;195.0;5.0;87.0;4.0;1157.0
2002-01-01T00:00:00.000Z;;;;213.0;7.0;122.0;4.0;1256.0
2002-02-01T00:00:00.000Z;;;;600.0;9.0;373.0;2.0;1448.0
2002-03-01T00:00:00.000Z;;;;411.0;12.0;221.0;1.0;1588.0
2002-04-01T00:00:00.000Z;;;;1520.0;14.0;930.0;1.0;2316.0
2002-05-01T00:00:00.000Z;;;;2075.0;16.0;1319.0;4.0;3349.0
2002-06-01T00:00:00.000Z;;;;1876.0;18.0;1094.0;1.0;4174.0
2002-07-01T00:00:00.000Z;;;;4635.0;31.0;1762.0;2.0;5173.0
2002-08-01T00:00:00.000Z;;;;12073.0;50.0;5672.0;5.0;5850.0
2002-09-01T00:00:00.000Z;;;;11456.0;68.0;4548.0;6.0;7427.0
2002-10-01T00:00:00.000Z;;;;9215.0;74.0;3772.0;2.0;9062.0
2002-11-01T00:00:00.000Z;;;;10135.0;78.0;3586.0;5.0;10489.0
2002-12-01T00:00:00.000Z;;;;10148.0;86.0;3927.0;6.0;11878.0
2003-01-01T00:00:00.000Z;;;;18750.0;179.0;5803.0;5.0;14644.0
2003-02-01T00:00:00.000Z;;;;15952.0;160.0;5596.0;3.0;16747.0
2003-03-01T00:00:00.000Z;;;;14233.0;127.0;5582.0;2.0;18703.0
2003-04-01T00:00:00.000Z;;;;16535.0;121.0;5579.0;2.0;20522.0
2003-05-01T00:00:00.000Z;;;;35682.0;256.0;10122.0;7.0;24180.0
2003-06-01T00:00:00.000Z;;;;41154.0;279.0;12334.0;5.0;27608.0
2003-07-01T00:00:00.000Z;;;;40410.0;347.0;12526.0;4.0;31376.0
2003-08-01T00:00:00.000Z;;;;43743.0;342.0;13026.0;11.0;35247.0
2003-09-01T00:00:00.000Z;;;;46778.0;416.0;13508.0;4.0;39609.0
2003-10-01T00:00:00.000Z;;;;49495.0;442.0;14646.0;3.0;44101.0
2003-11-01T00:00:00.000Z;;;;67915.0;541.0;18470.0;11.0;49290.0
2003-12-01T00:00:00.000Z;;;;78635.0;631.0;23678.0;12.0;55144.0
2004-01-01T00:00:00.000Z;;;;75675.0;659.0;23217.0;10.0;61813.0
2004-02-01T00:00:00.000Z;;;;125908.0;1027.0;33156.0;17.0;71517.0
2004-03-01T00:00:00.000Z;;;;291123.0;2425.0;57372.0;28.0;94032.0
2004-04-01T00:00:00.000Z;;;;221142.0;1872.0;52198.0;27.0;109709.0
2004-05-01T00:00:00.000Z;;;;208927.0;1912.0;52703.0;29.0;123878.0
2004-06-01T00:00:00.000Z;;;;294365.0;2189.0;77084.0;29.0;141204.0
2004-07-01T00:00:00.000Z;;;;320897.0;2493.0;81992.0;37.0;160658.0
2004-08-01T00:00:00.000Z;;;;351694.0;2404.0;92224.0;27.0;178482.0
2004-09-01T00:00:00.000Z;;;;361926.0;2640.0;95045.0;39.0;197782.0
2004-10-01T00:00:00.000Z;;;;349501.0;2897.0;93727.0;53.0;216349.0
2004-11-01T00:00:00.000Z;;;;397432.0;3103.0;101950.0;58.0;235971.0
2004-12-01T00:00:00.000Z;;;;386252.0;3186.0;108198.0;39.0;255209.0
2005-01-01T00:00:00.000Z;;;;407475.0;3424.0;115438.0;43.0;273500.0
2005-02-01T00:00:00.000Z;;;;372281.0;3275.0;104009.0;33.0;290147.0
2005-03-01T00:00:00.000Z;;;;403069.0;3516.0;109898.0;46.0;307809.0
2005-04-01T00:00:00.000Z;;;;491264.0;4248.0;123357.0;81.0;327659.0
2005-05-01T00:00:00.000Z;;;;541734.0;4596.0;135511.0;89.0;349905.0
2005-06-01T00:00:00.000Z;;;;578564.0;4965.0;147524.0;96.0;374628.0
2005-07-01T00:00:00.000Z;;;;691500.0;5953.0;170514.0;121.0;400585.0
2005-08-01T00:00:00.000Z;;;;796329.0;6738.0;185752.0;125.0;430289.0
2005-09-01T00:00:00.000Z;;;;631167.0;5545.0;161989.0;8305.0;453628.0
2005-10-01T00:00:00.000Z;;;;749539.0;6065.0;183966.0;11963.0;481248.0
2005-11-01T00:00:00.000Z;;;;734009.0;5785.0;184535.0;10838.0;504123.0
2005-12-01T00:00:00.000Z;;;;861907.0;6749.0;207028.0;10634.0;531023.0
2006-01-01T00:00:00.000Z;;;;1015985.0;8247.0;221740.0;12733.0;563637.0
2006-02-01T00:00:00.000Z;;;;865650.0;7776.0;202788.0;11256.0;590053.0
2006-03-01T00:00:00.000Z;;;;1015745.0;8675.0;246484.0;13503.0;621206.0
2006-04-01T00:00:00.000Z;;;;912546.0;8185.0;222869.0;12090.0;651367.0
2006-05-01T00:00:00.000Z;;;;1057311.0;9067.0;242545.0;13849.0;683671.0
2006-06-01T00:00:00.000Z;;;;1085659.0;9248.0;268971.0;12571.0;714432.0
2006-07-01T00:00:00.000Z;;;;1087828.0;9643.0;263340.0;12545.0;745671.0
2006-08-01T00:00:00.000Z;;;;1205217.0;10155.0;294119.0;13856.0;782864.0
2006-09-01T00:00:00.000Z;;;;1081042.0;9466.0;267692.0;11886.0;814078.0
2006-10-01T00:00:00.000Z;;;;1112949.0;9464.0;274675.0;12905.0;844276.0
2006-11-01T00:00:00.000Z;;;;1194400.0;10259.0;291579.0;16436.0;878679.0
2006-12-01T00:00:00.000Z;;;;1219890.0;9883.0;331461.0;14466.0;924823.0
2007-01-01T00:00:00.000Z;;;;1328331.0;11009.0;331683.0;17809.0;959686.0
2007-02-01T00:00:00.000Z;;;;1211233.0;10472.0;303419.0;15912.0;991012.0
2007-03-01T00:00:00.000Z;;;;1362367.0;10611.0;348037.0;15150.0;1024281.0
2007-04-01T00:00:00.000Z;;;;1170891.0;10177.0;303690.0;12703.0;1054085.0
2007-05-01T00:00:00.000Z;;;;1299491.0;10688.0;326194.0;14560.0;1087294.0
2007-06-01T00:00:00.000Z;;;;1166941.0;10472.0;309830.0;13529.0;1117054.0
2007-07-01T00:00:00.000Z;;;;1137963.0;10443.0;314188.0;12593.0;1147502.0
2007-08-01T00:00:00.000Z;;;;1088065.0;10296.0;304610.0;11759.0;1178008.0
2007-09-01T00:00:00.000Z;;;;1084019.0;9985.0;313112.0;11853.0;1207524.0
2007-10-01T00:00:00.000Z;;;;1101735.0;9789.0;315093.0;12154.0;1236941.0
2007-11-01T00:00:00.000Z;;;;1037474.0;9506.0;306093.0;11653.0;1265183.0
2007-12-01T00:00:00.000Z;;;;1040258.0;9709.0;299961.0;12402.0;1293683.0
2008-01-01T00:00:00.000Z;;;;1193657.0;11043.0;325293.0;14747.0;1325719.0
2008-02-01T00:00:00.000Z;;;;1162487.0;10523.0;333820.0;13498.0;1356619.0
2008-03-01T00:00:00.000Z;;;;1187486.0;10908.0;340175.0;13605.0;1389290.0
2008-04-01T00:00:00.000Z;;;;1078202.0;10131.0;314938.0;12434.0;1417328.0
2008-05-01T00:00:00.000Z;;;;1176461.0;10770.0;355003.0;12183.0;1446425.0
2008-06-01T00:00:00.000Z;;;;1083355.0;10088.0;336325.0;10917.0;1474335.0
2008-07-01T00:00:00.000Z;;;;1120080.0;10434.0;332662.0;10743.0;1503530.0
2008-08-01T00:00:00.000Z;;;;1136448.0;10054.0;339261.0;10196.0;1533262.0
2008-09-01T00:00:00.000Z;;;;1063768.0;9609.0;330752.0;10278.0;1560324.0
2008-10-01T00:00:00.000Z;;;;1086200.0;9438.0;337976.0;10413.0;1587889.0
2008-11-01T00:00:00.000Z;;;;1078888.0;9653.0;338717.0;11910.0;1615970.0
2008-12-01T00:00:00.000Z;;;;1082155.0;9455.0;340220.0;9936.0;1644791.0
2009-01-01T00:00:00.000Z;;;;1266147.0;10501.0;396735.0;12053.0;1677328.0
2009-02-01T00:00:00.000Z;;;;1107637.0;10038.0;334856.0;11361.0;1707563.0
2009-03-01T00:00:00.000Z;;;;1185366.0;10349.0;350018.0;11692.0;1739452.0
2009-04-01T00:00:00.000Z;;;;996393.0;9327.0;312090.0;9314.0;1765930.0
2009-05-01T00:00:00.000Z;;;;1028895.0;9354.0;335443.0;9773.0;1794163.0
2009-06-01T00:00:00.000Z;;;;1044138.0;9357.0;349100.0;9959.0;1820341.0
2009-07-01T00:00:00.000Z;;;;1024924.0;9279.0;326678.0;9327.0;1846822.0
2009-08-01T00:00:00.000Z;;;;1080966.0;9405.0;344606.0;11060.0;1874403.0
2009-09-01T00:00:00.000Z;;;;1011560.0;8960.0;311940.0;11252.0;1900831.0
2009-10-01T00:00:00.000Z;;;;1089321.0;9408.0;332049.0;12664.0;1930102.0
2009-11-01T00:00:00.000Z;;;;1121380.0;9540.0;336417.0;11726.0;1957248.0
2009-12-01T00:00:00.000Z;;;;1106600.0;9269.0;343291.0;10083.0;1987920.0
2010-01-01T00:00:00.000Z;;;;1251137.0;10358.0;374205.0;13196.0;2021160.0
2010-02-01T00:00:00.000Z;;;;1118761.0;9394.0;347658.0;11084.0;2049143.0
2010-03-01T00:00:00.000Z;;;;1214344.0;9849.0;390988.0;12005.0;2079222.0
2010-04-01T00:00:00.000Z;;;;1101484.0;9466.0;350580.0;11596.0;2108106.0
2010-05-01T00:00:00.000Z;;;;1136451.0;9629.0;347322.0;12564.0;2137933.0
2010-06-01T00:00:00.000Z;;;;1079104.0;9166.0;335329.0;11466.0;2164491.0
2010-07-01T00:00:00.000Z;;;;1050213.0;9167.0;339993.0;10216.0;2192886.0
2010-08-01T00:00:00.000Z;;;;1142663.0;9365.0;368266.0;10596.0;2222144.0
2010-09-01T00:00:00.000Z;;;;1112377.0;9052.0;352035.0;10939.0;2249832.0
2010-10-01T00:00:00.000Z;;;;1111188.0;9112.0;355209.0;11052.0;2277715.0
2010-11-01T00:00:00.000Z;;;;1095002.0;8734.0;352158.0;11273.0;2304160.0
2010-12-01T00:00:00.000Z;;;;1074667.0;8424.0;356430.0;9827.0;2332693.0
2011-01-01T00:00:00.000Z;;;;1283033.0;10584.0;402037.0;15713.0;2364708.0
2011-02-01T00:00:00.000Z;;;;1108780.0;9481.0;351438.0;11861.0;2392167.0
2011-03-01T00:00:00.000Z;;;;1157736.0;9535.0;365056.0;11967.0;2419687.0
2011-04-01T00:00:00.000Z;;;;1071510.0;8795.0;354940.0;9792.0;2451024.0
2011-05-01T00:00:00.000Z;;;;1080117.0;8848.0;342607.0;10720.0;2479850.0
2011-06-01T00:00:00.000Z;;;;1091082.0;8786.0;366955.0;9797.0;2510773.0
2011-07-01T00:00:00.000Z;;;;1107587.0;9066.0;368502.0;9879.0;2540811.0
2011-08-01T00:00:00.000Z;;;;1083240.0;8926.0;364595.0;9522.0;2570663.0
2011-09-01T00:00:00.000Z;;;;1050019.0;8559.0;353941.0;8682.0;2598877.0
2011-10-01T00:00:00.000Z;;;;1103639.0;8646.0;373358.0;9006.0;2627042.0
2011-11-01T00:00:00.000Z;;;;1072196.0;8463.0;361415.0;9074.0;2651361.0
2011-12-01T00:00:00.000Z;;;;1090373.0;8428.0;374621.0;7891.0;2679020.0
2012-01-01T00:00:00.000Z;;;;1200409.0;9522.0;384679.0;10430.0;2709713.0
2012-02-01T00:00:00.000Z;;;;1109776.0;8963.0;360924.0;9646.0;2738275.0
2012-03-01T00:00:00.000Z;;;;1120229.0;8822.0;363181.0;9114.0;2766778.0
2012-04-01T00:00:00.000Z;;;;1074914.0;8567.0;375088.0;8422.0;2793777.0
2012-05-01T00:00:00.000Z;;;;1098223.0;8532.0;378898.0;8505.0;2819542.0
2012-06-01T00:00:00.000Z;;;;1054930.0;8444.0;373510.0;7630.0;2845377.0
2012-07-01T00:00:00.000Z;;;;1134269.0;8831.0;396207.0;8111.0;2874335.0
2012-08-01T00:00:00.000Z;;;;1158889.0;8548.0;414811.0;7668.0;2903643.0
2012-09-01T00:00:00.000Z;;;;1113211.0;8302.0;423658.0;7730.0;2943236.0
2012-10-01T00:00:00.000Z;;;;1144910.0;8568.0;424696.0;8693.0;2980734.0
2012-11-01T00:00:00.000Z;;;;1079780.0;8541.0;376928.0;9885.0;3006433.0
2012-12-01T00:00:00.000Z;;;;1081055.0;8277.0;389961.0;8339.0;3033198.0
2013-01-01T00:00:00.000Z;;;;1179444.0;9286.0;396297.0;9904.0;3060978.0
2013-02-01T00:00:00.000Z;;;;1086841.0;8505.0;391991.0;9445.0;3085054.0
2013-03-01T00:00:00.000Z;;;;1521810.0;8842.0;724163.0;9495.0;3108780.0
2013-04-01T00:00:00.000Z;;;;1556401.0;8313.0;815096.0;8336.0;3130971.0
2013-05-01T00:00:00.000Z;;;;928599.0;8405.0;292006.0;8385.0;3153629.0
2013-06-01T00:00:00.000Z;;;;915433.0;8145.0;282859.0;9226.0;3176688.0
2013-07-01T00:00:00.000Z;;;;913804.0;8154.0;291186.0;8371.0;3199448.0
2013-08-01T00:00:00.000Z;;;;888802.0;8015.0;285242.0;9300.0;3222851.0
2013-09-01T00:00:00.000Z;;;;828146.0;7551.0;259254.0;8827.0;3244433.0
2013-10-01T00:00:00.000Z;;;;879686.0;7778.0;288858.0;9611.0;3266143.0
2013-11-01T00:00:00.000Z;;;;897190.0;7904.0;295597.0;10540.0;3287424.0
2013-12-01T00:00:00.000Z;;;;879421.0;7693.0;285353.0;10010.0;3309213.0
2014-01-01T00:00:00.000Z;;;;982384.0;8789.0;311492.0;11153.0;3333928.0
2014-02-01T00:00:00.000Z;;;;880741.0;7881.0;290163.0;8966.0;3355394.0
2014-03-01T00:00:00.000Z;;;;940156.0;7980.0;304393.0;9499.0;3376387.0
2014-04-01T00:00:00.000Z;;;;825263.0;7410.0;273950.0;8456.0;3396452.0
2014-05-01T00:00:00.000Z;;;;848900.0;7705.0;284669.0;9697.0;3416637.0
2014-06-01T00:00:00.000Z;;;;780852.0;7300.0;256038.0;9083.0;3435754.0
2014-07-01T00:00:00.000Z;;;;843210.0;7537.0;278316.0;14875.0;3458435.0
2014-08-01T00:00:00.000Z;;;;817234.0;7622.0;268171.0;23586.0;3479269.0
2014-09-01T00:00:00.000Z;;;;826285.0;7239.0;292722.0;16233.0;3497893.0
2014-10-01T00:00:00.000Z;;;;835577.0;7316.0;280881.0;16559.0;3518097.0
2014-11-01T00:00:00.000Z;;;;829960.0;7390.0;271267.0;16076.0;3537374.0
2014-12-01T00:00:00.000Z;;;;851885.0;7189.0;276920.0;14672.0;3558190.0
2015-01-01T00:00:00.000Z;;;;997186.0;8059.0;318759.0;17358.0;3582559.0
2015-02-01T00:00:00.000Z;;;;865973.0;7447.0;287510.0;14672.0;3603454.0
2015-03-01T00:00:00.000Z;;;;1055531.0;7785.0;447594.0;14356.0;3746722.0
2015-04-01T00:00:00.000Z;;;;1136668.0;7285.0;430516.0;16068.0;3766004.0
2015-05-01T00:00:00.000Z;;;;962071.0;7331.0;354557.0;13158.0;3784858.0
2015-06-01T00:00:00.000Z;;;;857870.0;7622.0;265559.0;13522.0;3803446.0
2015-07-01T00:00:00.000Z;;;;888844.0;7299.0;308795.0;9007.0;3821843.0
2015-08-01T00:00:00.000Z;;;;939986.0;7246.0;341812.0;8644.0;3840817.0
2015-09-01T00:00:00.000Z;;;;893146.0;7251.0;296379.0;9156.0;3860400.0
2015-10-01T00:00:00.000Z;;;;931103.0;7386.0;315299.0;10436.0;3882808.0
2015-11-01T00:00:00.000Z;;;;937706.0;7332.0;318211.0;9997.0;3903263.0
2015-12-01T00:00:00.000Z;;;;955552.0;7114.0;359997.0;9581.0;3934161.0
2001-01-01T00:00:00.000Z;;;;;;;1.0;